mode,31.0
IPnum,135318
7,0.001559
8,0.002343
9,0.001434
20,0.003577
21,0.003769
22,0.001774
26,0.001714
27,0.002616
28,0.010915
29,0.05909
30,0.15352
31,0.173222
32,0.132917
33,0.109712
34,0.08534
35,0.061485
36,0.045692
37,0.032568
38,0.025924
39,0.019968
40,0.015105
41,0.010464
42,0.008513
43,0.006407
44,0.004863
45,0.004345
46,0.004161
47,0.003451
48,0.002483
49,0.002623
50,0.002254
51,0.001426
52,0.001301
53,0.001389
54,0.001049
58,0.001027
