,可达ip占比,可达网段占比
上海,22,65
东京,15,65
丹佛,33,100
伦敦,11,82
内罗毕,16,71
利雅得,14,65
利马,13,69
华沙,15,60
卢森堡,23,78
台北,15,65
吉隆坡,11,72
哥本哈根,13,67
圣保罗,11,76
圣地亚哥,26,58
墨尔本,27,71
多伦多,18,73
奥斯陆,6,65
巴黎,10,62
布宜诺斯艾利斯,12,68
布达佩斯,6,62
布里斯班,5,69
底特律,6,44
悉尼,2,47
斯德哥尔摩,24,56
曼谷,12,55
柏林,15,51
洛杉矶,16,62
温哥华,25,81
珀斯,16,71
约翰内斯堡,10,76
纽约,6,71
罗马,3,60
芝加哥,14,64
苏黎世,11,59
莫斯科,7,59
迪拜,14,71
都柏林,13,52
阿姆斯特丹,26,43
雅加达,18,40
首尔,22,58
马尼拉,13,28
马德里,11,28
平均值,14.42857143,62.83333333
