mode,30.0
IPnum,135728
25,0.023076
26,0.027791
27,0.033221
28,0.069146
29,0.105358
30,0.125759
31,0.092914
32,0.086018
33,0.065278
34,0.053033
35,0.049216
36,0.036205
37,0.029692
38,0.027769
39,0.025728
40,0.019745
41,0.01811
42,0.018883
43,0.017845
44,0.014124
45,0.011265
46,0.008841
47,0.006425
48,0.005342
49,0.004332
50,0.004096
51,0.003632
52,0.003492
53,0.002888
54,0.002394
55,0.001945
56,0.001798
57,0.00179
58,0.001444
59,0.001407
