mode,39.0
IPnum,678
139,0.001475
31,0.013274
32,0.016224
33,0.030973
34,0.022124
35,0.025074
36,0.063422
37,0.085546
38,0.10767
39,0.143068
40,0.10767
41,0.09292
42,0.054572
43,0.056047
44,0.056047
45,0.036873
46,0.013274
47,0.00885
48,0.017699
49,0.013274
50,0.020649
51,0.00885
429,0.001475
53,0.001475
56,0.001475
