mode,29.0
IPnum,297679
24,0.005063
25,0.017082
26,0.016995
27,0.019679
28,0.047545
29,0.137007
30,0.109081
31,0.09521
32,0.102453
33,0.08189
34,0.085035
35,0.058973
36,0.044397
37,0.033785
38,0.033513
39,0.022968
40,0.016961
41,0.012198
42,0.010632
43,0.007851
44,0.007024
45,0.00601
46,0.004979
47,0.003353
48,0.003138
49,0.002704
50,0.002318
51,0.002271
52,0.001905
53,0.001431
54,0.001535
55,0.001387
56,0.001317
57,0.00126
59,0.001055
