mode,69.0
IPnum,327
61,0.027523
62,0.006116
63,0.009174
64,0.015291
65,0.018349
66,0.088685
67,0.039755
68,0.088685
69,0.143731
70,0.058104
71,0.055046
72,0.067278
73,0.116208
74,0.076453
75,0.030581
76,0.015291
77,0.006116
78,0.018349
79,0.039755
80,0.012232
81,0.006116
82,0.006116
83,0.006116
84,0.003058
86,0.003058
87,0.003058
89,0.003058
91,0.003058
96,0.003058
97,0.009174
98,0.006116
99,0.003058
101,0.006116
107,0.003058
114,0.003058
