mode,22.0
IPnum,719868
15,0.00333
16,0.013854
17,0.026626
18,0.041616
19,0.063099
20,0.093063
21,0.097675
22,0.104008
23,0.098538
24,0.085607
25,0.072345
26,0.053689
27,0.038156
28,0.02773
29,0.019241
30,0.014394
31,0.01449
32,0.017149
33,0.020126
34,0.021546
35,0.019313
36,0.014954
37,0.011035
38,0.007628
39,0.005133
40,0.003769
41,0.002944
42,0.002316
43,0.001878
44,0.002075
45,0.001441
46,0.001234
