mode,11.0
IPnum,621926
8,0.005038
9,0.007141
10,0.060726
11,0.175477
12,0.152333
13,0.093218
14,0.06882
15,0.049115
16,0.035774
17,0.035987
18,0.027453
19,0.023988
20,0.025379
21,0.028957
22,0.03187
23,0.031647
24,0.028548
25,0.023738
26,0.017708
27,0.014024
28,0.011117
29,0.009316
30,0.007755
31,0.006647
32,0.005658
33,0.004573
34,0.003695
35,0.003127
36,0.0025
37,0.002172
38,0.002031
39,0.001703
40,0.001454
41,0.001309
