mode,21.0
IPnum,138947
14,0.001382
15,0.010119
16,0.027291
17,0.040202
18,0.038489
19,0.043722
20,0.083471
21,0.120168
22,0.10337
23,0.072654
24,0.076137
25,0.093748
26,0.087256
27,0.06514
28,0.044535
29,0.030393
30,0.020044
31,0.014264
32,0.011933
33,0.005693
34,0.004289
35,0.003195
36,0.001468
37,0.001036
